﻿{
    "HtmlHeadKeywords": "Implem,Pleasanter,OSS",
    "HtmlHeadDescription": "Business application platform",
    "HtmlHeadViewport": "width=device-width",
    "HtmlLogoText": ".Pleasanter",
    "HtmlPortalUrl": "https://pleasanter.net",
    "HtmlApplicationBuildingGuideUrl": "https://pleasanter.org/downloads/hands-on1.pdf",
    "HtmlUserManualUrl": "https://pleasanter.org/manual",
    "HtmlBlogUrl": "https://pleasanter.org/archives/category/%e3%83%96%e3%83%ad%e3%82%b0",
    "HtmlSupportUrl": "https://pleasanter.org/support",
    "HtmlContactUrl": "https://pleasanter.org/contact/",
    "HtmlAGPLUrl": "https://github.com/Implem/Implem.Pleasanter/blob/master/LICENSE",
    "HtmlEnterpriseEditionUrl": "https://pleasanter.org/enterprise",
    "HtmlCasesUrl": "https://pleasanter.org/cases",
    "DisplayLogoText": false,
    "DisableAutoComplete": false,
    "SiteMenuHotSpan": 30,
    "AnchorTargetBlank": true,
    "LimitWarning1": 86400,
    "LimitWarning2": 0,
    "LimitWarning3": -259200,
    "DeleteTempOldThan": 1440,
    "DeleteHistoriesOldThan": 43200,
    "NearCompletionTimeBeforeDays": 7,
    "NearCompletionTimeBeforeDaysMin": 0,
    "NearCompletionTimeBeforeDaysMax": 30,
    "NearCompletionTimeAfterDays": 7,
    "NearCompletionTimeAfterDaysMin": 0,
    "NearCompletionTimeAfterDaysMax": 30,
    "GridPageSize": 20,
    "GridPageSizeMin": 10,
    "GridPageSizeMax": 200,
    "AllowViewReset": true,
    "ExportOutputColumnMax": 100,
    "ImportEncoding": "Shift-JIS",
    "UpdatableImport": false,
    "AllowStandardExport": true,
    "ImportMax": 0,
    "ViewerSwitchingType": 1,
    "UseNegativeFilters": false,
    "AllowCopy": true,
    "AllowReferenceCopy": false,
    "CharToAddWhenCopying": " - コピー",
    "UpdateResponseType": 0,
    "SolutionBackupPath": "",
    "SolutionBackupExcludeDirectories": "\\Backups,\\Histories,\\BinaryStorage,\\App_Data\\Logs,\\Temp,\\packages,\\bin,\\obj,\\PublishProfiles,\\BuildProcessTemplates,\\Parameters\\CustomDefinitions,\\Parameters\\ExtendedColumns",
    "SizeToUseTextArea": 1025,
    "CompletionCode": 900,
    "CommentDisplayLimitHistories": 1,
    "CommentDisplayLimit": 3,
    "WorkValueHeight": 40,
    "WorkValueTextTop": 13,
    "ProgressRateWidth": 50,
    "ProgressRateItemHeight": 10,
    "ProgressRateTextTop": 13,
    "CalendarBegin": -120,
    "CalendarEnd": 120,
    "CalendarLimit": 300,
    "CalendarYLimit": 100,
    "DefaultCalendarType": 2,
    "CrosstabBegin": -120,
    "CrosstabEnd": 120,
    "CrosstabXLimit": 50,
    "CrosstabYLimit": 1000,
    "GanttLimit": 1000,
    "GanttPeriodMin": 7,
    "GanttPeriodMax": 180,
    "BurnDownLimit": 1000,
    "TimeSeriesLimit": 1000,
    "AnalyPartPeriodValueMin": 0,
    "AnalyPartPeriodValueMax": 99999,
    "KambanLimit": 1000,
    "KambanXLimit": 50,
    "KambanYLimit": 300,
    "KambanMinColumns": 3,
    "KambanMaxColumns": 50,
    "KambanColumns": 10,
    "ImageLibPageSize": 20,
    "ImageLibPageSizeMin": 10,
    "ImageLibPageSizeMax": 200,
    "ImageSizeRegular": 460,
    "ImageSizeThumbnail": 50,
    "ImageSizeIcon": 26,
    "ImageSizeLogo": 32,
    "DropDownSearchPageSize": 500,
    "SwitchTargetsLimit": 500,
    "SeparateMin": 2,
    "SeparateMax": 10,
    "FirstDayOfWeek": 1,
    "FirstMonth": 4,
    "DateFilterMinSpan": -1,
    "DateFilterMaxSpan": 1,
    "MinTime": "1900/1/1",
    "MaxTime": "2100/1/1",
    "DateTimeStep": 10,
    "HideCurrentTimeIcon": false,
    "HideCurrentUserIcon": false,
    "HideCurrentDeptIcon": false,
    "EnableLightBox": true,
    "GroupsDepthMax": 30,
    "BulkUpsertMax" : 0
}