﻿{
    "TestParts": [
        {
            "ElementId": "NewMenuContainer",
            "Action": "Click"
        },
        {
            "ElementLinkText": "標準",
            "Action": "Click"
        },
        {
            "ElementXpath": "//li[@data-value='Template4']",
            "Action": "Click",
            "Description" : "Wikiのテンプレートを選択する。"
        },
        {
            "ElementId": "OpenSiteTitleDialog",
            "Action": "Click"
        },
        {
            "ElementId": "SiteTitle",
            "Action": "Clear"
        },
        {
            "ElementId": "SiteTitle",
            "Action": "input",
            "Value": "テスト用Wiki"
        },
        {
            "ElementXpath": "//button[@data-action='CreateByTemplate']",
            "Action": "Click"
        }
    ]
}
