﻿{
    "CasesDescription": "期限付きテーブルの一覧表示バリエーションを確認",
    "ResultFileName": "ToIssuesCrosstab.csv",
    "TestCases": [
        {
            "TestPartsPath": "\\Users",
            "TestPartsName": "LoginLocal.json"
        },
        {
            "TestPartsPath": "\\Items\\Issues\\Create",
            "TestPartsName": "CreateIssuesTable.json",
            "CaseDescription": "Issuesテーブルを作成する。"
        },
        {
            "TestPartsPath": "\\Items\\Issues\\Transition",
            "TestPartsName": "ToIssuesTable.json",
            "CaseDescription": "作成したIssuesテーブルへ遷移する。"
        },
        {
            "TestPartsPath": "\\Items\\Issues\\Create",
            "TestPartsName": "CreateIssueRecord.json",
            "CaseDescription": "Issuesテーブルのレコードを作成する。"
        },
        {
            "TestPartsPath": "\\Items\\Issues\\Transition",
            "TestPartsName": "ToIssuesTable.json",
            "CaseDescription": "作成したIssuesテーブルへ遷移する。"
        },
        {
            "TestPartsPath": "\\Items\\Issues\\Transition",
            "TestPartsName": "ToIssuesCrosstab.json",
            "CaseDescription": "Issuesテーブルの表示メニューからクロス集計を表示する。"
        },
        {
            "TestPartsPath": "\\Items\\Issues\\Transition",
            "TestPartsName": "ToIssuesGantt.json",
            "CaseDescription": "Issuesテーブルの表示メニューからガントチャートを表示する。"
        },
        {
            "TestPartsPath": "\\Items\\Issues\\Transition",
            "TestPartsName": "ToIssuesBurnDown.json",
            "CaseDescription": "Issuesテーブルの表示メニューからバーンダウンチャートを表示する。"
        },
        {
            "TestPartsPath": "\\Items\\Issues\\Transition",
            "TestPartsName": "ToIssuesTimeSeries.json",
            "CaseDescription": "Issuesテーブルの表示メニューから時系列チャートを表示する。"
        },
        {
            "TestPartsPath": "\\Items\\Issues\\Transition",
            "TestPartsName": "ToIssuesKamban.json",
            "CaseDescription": "Issuesテーブルの表示メニューからカンバンを表示する。"
        },
        {
            "TestPartsPath": "\\Items\\Issues\\Transition",
            "TestPartsName": "ToIssuesImageLib.json",
            "CaseDescription": "Issuesテーブルの表示メニューから画像ライブラリを表示する。"
        },
        {
            "TestPartsPath": "\\Items\\Issues\\Transition",
            "TestPartsName": "ToIssuesCalendar.json",
            "CaseDescription": "Issuesテーブルの表示メニューからカレンダーを表示する。"
        },
        {
            "TestPartsPath": "\\Items\\Issues\\Transition",
            "TestPartsName": "ToIssuesTable.json",
            "CaseDescription": "作成したIssuesテーブルへ遷移する。"
        },
        {
            "TestPartsPath": "\\Items\\Issues\\Delete",
            "TestPartsName": "DeleteIssuesTable.json",
            "CaseDescription": "Issuesテーブルを削除する。"
        },
        {
            "TestPartsPath": "\\Other",
            "TestPartsName": "ToTop.json"
        },
        {
            "TestPartsPath": "\\Users",
            "TestPartsName": "Logout.json"
        }
    ]
}