﻿{
    "LabelText": "数値",
    "No": "30000",
    "History": "30000",
    "Export": "30000",
    "GridColumn": "30000",
    "FilterColumn": "30000",
    "FilterEnabled": "1",
    "EditorColumn": "30000",
    "TitleColumn": "30000",
    "LinkColumn": "30000",
    "HistoryColumn": "30000",
    "TypeName": "decimal",
    "TypeCs": "Num",
    "Size": "19,4",
    "DefaultMinValue": "-999999999999999",
    "DefaultMaxValue": "999999999999999",
    "Nullable": "1",
    "SearchIndexPriority": "200",
    "Computable": "1",
    "ValidateNumber": "1",
    "NumFilterMin": "0",
    "NumFilterMax": "10000",
    "NumFilterStep": "1000",
    "ExtendedColumnType": "Num",
    "FullTextType": 0,
    "LabelText_en": "Numeric value",
    "LabelText_zh": "数字值",
    "LabelText_de": "Numerischer Wert",
    "LabelText_ko": "수치값",
    "LabelText_es": "Valor numérico",
    "LabelText_vn": "Giá trị số"
}