﻿{
    "Provider": null,
    "DsProvider": null,
    "ServiceId": null,
    "ExtensionUrl": null,
    "RejectUnregisteredUser": false,
    "LdapParameters": [
        {
            "LdapSearchRoot": null,
            "LdapSearchProperty": "sAMAccountName",
            "LdapSearchPattern": null,
            "LdapLoginPattern": null,
            "LdapAuthenticationType": null,
            "NetBiosDomainName": null,
            "LdapTenantId": 1,
            "LdapDeptCode": null,
            "LdapDeptCodePattern": null,
            "LdapDeptName": null,
            "LdapDeptNamePattern": null,
            "LdapUserCode": null,
            "LdapUserCodePattern": null,
            "LdapFirstName": "givenName",
            "LdapFirstNamePattern": null,
            "LdapLastName": "sn",
            "LdapLastNamePattern": null,
            "LdapMailAddress": "mail",
            "LdapMailAddressPattern": null,
            "LdapGroupName": "cn",
            "LdapGroupNamePattern": null,
            "LdapSyncPageSize": 0,
            "LdapSyncPatterns": [
                "(&(ObjectCategory=User)(ObjectClass=Person))"
            ],
            "LdapSyncGroupPatterns": null,
            "LdapExcludeAccountDisabled": false,
            "AutoDisable": false,
            "AutoEnable": false,
            "LdapSyncUser": null,
            "LdapSyncPassword": null
        }
    ],
    "SamlParameters": {
        "Attributes": {
            "Name": "Name",
            "UserCode": "UserCode",
            "Birthday": "Birthday",
            "Gender": "Gender",
            "Language": "Language",
            "TimeZone": "TimeZone",
            "TenantManager": "TenantManager",
            "DeptCode": "DeptCode",
            "Dept": "Dept",
            "Body": "Body",
            "MailAddress": "{NameId}"
        },
        "SamlTenantId": 1,
        "DisableOverwriteName": false,
        "SPOptions": {
            "EntityId": "http://localhost:59802/Saml2",
            "ReturnUrl": "http://localhost:59802/Users/SamlLogin",
            "AuthenticateRequestSigningBehavior": "IfIdpWantAuthnRequestsSigned",
            "OutboundSigningAlgorithm": "http://www.w3.org/2001/04/xmldsig-more#rsa-sha256",
            "MinIncomingSigningAlgorithm": "http://www.w3.org/2001/04/xmldsig-more#rsa-sha256",
            "IgnoreMissingInResponseTo": false,
            "PublicOrigin": null,
            "ServiceCertificates": []
        },
        "IdentityProviders": [
            {
                "EntityId": null,
                "SignOnUrl": null,
                "LogoutUrl": null,
                "AllowUnsolicitedAuthnResponse": true,
                "Binding": "HttpPost",
                "WantAuthnRequestsSigned": false,
                "DisableOutboundLogoutRequests": true,
                "LoadMetadata": false,
                "MetadataLocation": null,
                "SigningCertificate": {
                    "StoreName": "My",
                    "StoreLocation": "CurrentUser",
                    "X509FindType": "FindByThumbprint",
                    "FindValue": null
                }
            }
        ]
    }
}