﻿{
    "Provider": "Rds",
    "Path": null,
    "Attachments": true,
    "Images": true,
    "RestoreLocalFiles": true,
    "LimitQuantity": 30,
    "MinQuantity": 1,
    "MaxQuantity": 100,
    "LimitSize": 50,
    "MinSize": 1,
    "MaxSize": 50,
    "LimitTotalSize": 1024,
    "TotalMinSize": 1,
    "TotalMaxSize": 1024,
    "LocalFolderLimitSize": 3072,
    "LocalFolderMinSize": 1,
    "LocalFolderMaxSize": 3072,
    "LocalFolderLimitTotalSize": 30720,
    "LocalFolderTotalMinSize": 1,
    "LocalFolderTotalMaxSize": 30720,
    "UseStorageSelect": false,
    "DefaultBinaryStorageProvider": "DataBase",
    "TemporaryBinaryStorageProvider": null,
    "ImageLimitSize": null,
    "ThumbnailLimitSize": null,
    "ThumbnailMinSize": 100,
    "ThumbnailMaxSize": 1000
}