﻿{
    "Dbms": "PostgreSQL",
    "Provider": "Local",
    "SaConnectionString": "Server=db;Database=postgres;UID=postgres;PWD=postgres",
    "OwnerConnectionString": "Server=db;Database=#ServiceName#;UID=#ServiceName#_Owner;PWD=SetAdminsPWD",
    "UserConnectionString": "Server=db;Database=#ServiceName#;UID=#ServiceName#_User;PWD=SetUsersPWD",
    "SqlCommandTimeOut": 0,
    "MinimumTime": 3,
    "DeadlockRetryCount": 4,
    "DeadlockRetryInterval": 1000,
    "DisableIndexChangeDetection": true,
    "SysLogsSchemaVersion": 1
}