﻿{
    "TestParts": [
        {
            "ElementId": "SettingsMenuContainer",
            "Action": "Hover"
        },
        {
            "ElementId": "SettingsMenu_SiteSettings",
            "Action": "Click"
        },
        {
            "ElementLinkText": "エディタ",
            "Action": "Click"
        },
        {
            "ElementCss": "#EditorColumns li[data-value=\"Title\"]",
            "Action": "Click"
        },
        {
            "ElementId": "OpenEditorColumnDialog",
            "Action": "Click"
        },
        {
            "ElementId": "TextAlign",
            "Action": "Select",
            "Value": "右寄せ"
        },
        {
            "ElementId": "SetEditorColumn",
            "Action": "Click"
        },
        {
            "ElementId": "UpdateCommand",
            "Action": "Click"
        },
        {
            "ElementId": "GoBack",
            "Action": "Click"
        },
        {
            "TestPartId": "IssueRecord1",
            "Action": "Click",
            "Results": [
                {
                    "ItemId": "Title",
                    "ExpectedValue": "right-align",
                    "CheckType": "HasClass",
                    "Description": "右寄せで表示されていること。"
                }
            ]
        },
        {
            "ElementId": "GoBack",
            "Action": "Click"
        }
    ]
}
