﻿{
    "TestParts": [
        {
            "TestPartId": "ResultRecord1",
            "Action": "Click"
        },
        {
            "Action": "Inputs",
            "Inputs": [
                {
                    "InputTarget": "Title",
                    "InputValue": "タイトル更新"
                },
                {
                    "InputTarget": "Status",
                    "InputValue": "900"
                },
                {
                    "InputTarget": "Body",
                    "InputValue": "内容更新"
                }
            ]
        },
        {
            "Action": "Update",
            "Results": [
                {
                    "ItemId": "Title",
                    "ExpectedValue": "タイトル更新",
                    "Description": "更新内容が登録されていること。"
                },
                {
                    "ItemId": "Body",
                    "ExpectedValue": "内容更新",
                    "Description": "更新内容が登録されていること。"
                }
            ]
        },
        {
            "ElementId": "GoBack",
            "Action": "Click"
        }
    ]
}
