﻿{
    "TestParts": [
        {
            "TestPartId": "UserRecord1",
            "Action": "Click"
        },
        {
            "ElementXpath": "//button[@data-selector='#ResetPasswordDialog']",
            "Action": "Click"
        },
        {
            "ElementId": "Users_AfterResetPassword",
            "Action": "input",
            "Value": "123456"
        },
        {
            "ElementId": "Users_AfterResetPasswordValidator",
            "Action": "input",
            "Value": "123456"
        },
        {
            "ElementId": "ResetPassword",
            "Action": "Click",
            "Results": [
                {
                    "ElementId": "Message",
                    "Description": "パスワードがリセットされること。",
                    "ExpectedValue": "パスワードをリセットしました。"
                }
            ]
        },
        {
            "ElementId": "GoBack",
            "Action": "Click"
        }
    ]
}
