﻿{
    "LabelText": "添付ファイル",
    "No": "70000",
    "History": "70000",
    "Export": "70000",
    "GridColumn": "70000",
    "EditorColumn": "70000",
    "LinkColumn": "70000",
    "HistoryColumn": "70000",
    "TypeName": "nvarchar",
    "TypeCs": "Attachments",
    "MaxLength": "-1",
    "Nullable": "1",
    "SearchIndexPriority": "200",
    "FieldCss": "field-wide",
    "ControlType": "Attachments",
    "ExtendedColumnType": "Attachments",
    "FullTextType": 1,
    "LabelText_en": "Attachments",
    "LabelText_zh": "附件",
    "LabelText_de": "Anhänge",
    "LabelText_ko": "첨부파일",
    "LabelText_es": "Adjuntos",
    "LabelText_vn": "Tệp đính kèm"
}