﻿{
    "LabelText": "チェック",
    "No": "60000",
    "History": "60000",
    "Export": "60000",
    "GridColumn": "60000",
    "FilterColumn": "60000",
    "FilterEnabled": "1",
    "EditorColumn": "60000",
    "TitleColumn": "60000",
    "LinkColumn": "60000",
    "HistoryColumn": "60000",
    "TypeName": "bit",
    "Nullable": "1",
    "CheckFilterControlType": 1,
    "Aggregatable": "1",
    "ExtendedColumnType": "Check",
    "FullTextType": 0,
    "LabelText_en": "Check",
    "LabelText_zh": "选择",
    "LabelText_de": "Prüfen",
    "LabelText_ko": "선택",
    "LabelText_es": "Marcar",
    "LabelText_vn": "Đánh dấu"
}