﻿{
    "LabelText": "分類",
    "No": "20000",
    "History": "20000",
    "Export": "20000",
    "GridColumn": "20000",
    "FilterColumn": "20000",
    "FilterEnabled": "1",
    "EditorColumn": "20000",
    "TitleColumn": "20000",
    "LinkColumn": "20000",
    "HistoryColumn": "20000",
    "TypeName": "nvarchar",
    "MaxLength": "1024",
    "Nullable": "1",
    "Class": "1",
    "SearchIndexPriority": "200",
    "ControlType": "ChoicesText",
    "Aggregatable": "1",
    "SettingEnable": "1",
    "ExtendedColumnType": "Class",
    "FullTextType": 1,
    "LabelText_en": "Class",
    "LabelText_zh": "类别",
    "LabelText_de": "Klasse",
    "LabelText_ko": "클래스",
    "LabelText_es": "Clase",
    "LabelText_vn": "Phân loại"
}