﻿{
    "LabelText": "日付",
    "No": "40000",
    "History": "40000",
    "Export": "40000",
    "GridColumn": "40000",
    "FilterColumn": "40000",
    "FilterEnabled": "1",
    "EditorColumn": "40000",
    "TitleColumn": "40000",
    "LinkColumn": "40000",
    "HistoryColumn": "40000",
    "TypeName": "datetime",
    "Nullable": "1",
    "SearchIndexPriority": "200",
    "GridFormat": "Ymda",
    "EditorFormat": "Ymd",
    "ExportFormat": "Ymd",
    "ValidateDate": "1",
    "Min": "-365",
    "Max": "365",
    "Step": "1",
    "Width": "50",
    "ExtendedColumnType": "Date",
    "FullTextType": 0,
    "LabelText_en": "Date",
    "LabelText_zh": "日期",
    "LabelText_de": "Datum",
    "LabelText_ko": "날짜",
    "LabelText_es": "Fecha",
    "LabelText_vn": "Ngày tháng"
}