﻿{
    "LabelText": "説明",
    "No": "50000",
    "History": "50000",
    "Export": "50000",
    "GridColumn": "50000",
    "FilterColumn": "50000",
    "EditorColumn": "50000",
    "TitleColumn": "50000",
    "LinkColumn": "50000",
    "HistoryColumn": "50000",
    "TypeName": "nvarchar",
    "MaxLength": "-1",
    "Nullable": "1",
    "Like": "1",
    "SearchIndexPriority": "200",
    "FieldCss": "field-markdown",
    "ControlType": "MarkDown",
    "ExtendedColumnType": "Description",
    "FullTextType": 1,
    "LabelText_en": "Description",
    "LabelText_zh": "说明",
    "LabelText_de": "Beschreibung",
    "LabelText_ko": "설명",
    "LabelText_es": "Descripción",
    "LabelText_vn": "Mô tả"
}