﻿{
    "TestParts": [
        {
            "ElementId": "SettingsMenuContainer",
            "Action": "Hover"
        },
        {
            "ElementId": "SettingsMenu_SiteSettings",
            "Action": "Click"
        },
        {
            "ElementXpath": "//button[@accesskey='r']",
            "Action": "Click"
        },
        {
            "ElementId": "DeleteSiteTitle",
            "Action": "Input",
            "Value": "テスト用期限付きテーブル"
        },
        {
            "ElementId": "Users_LoginId",
            "Action": "Input",
            "Value": "Administrator"
        },
        {
            "ElementId": "Users_Password",
            "Action": "Input",
            "Value": "pleasanter"
        },
        {
            "ElementXpath": "//button[@data-action='Delete']",
            "Action": "Click"
        },
        {
            "Action": "AlertAccept",
            "Results": [
                {
                    "ElementId": "Message",
                    "Description": "テーブルが削除されること。",
                    "ExpectedValue": "\" テスト用期限付きテーブル \" を削除しました。"
                }
            ]
        }
    ]
}
