﻿{
    "TestParts": [
        {
            "TestPartId": "IssueRecord1",
            "Action": "Click"
        },
        {
            "Action": "Delete"
        },
        {
            "Action": "AlertAccept",
            "Results": [
                {
                    "ElementId": "Message",
                    "Description": "レコードが削除されること。",
                    "ExpectedValue": "\" タイトル更新 \" を削除しました。"
                }
            ]
        },
        {
            "ElementId": "GoBack",
            "Action": "Click"
        }
    ]
}
